employee_id,phone_no
101,2236471893
102,5613994381
103,3339526782
104,9534422414
105,3790490792
106,3407835598
107,2179306366
108,6588057966
109,4486944364
110,7130261083
111,5155769873
112,4202204708
113,7998900621
114,2596713557
115,9430466325
116,9484390324
117,3204063600
118,2432404689
119,2331881955
120,7866236257
121,4219387641
122,7548632209
123,3204668084
124,5078306673
125,7837307754
126,4901012124
127,9387699486
128,3221798342
129,4985834291
130,8059779146
131,8179850075
132,7263649310
133,7425527049
134,7930999965
135,9694490697
136,5096175089
137,2499356488
138,4046158993
139,9799196463
140,9980935583
141,7852670237
142,9036688381
143,8192732991
144,7164606660
145,9136276669
146,4047372328
147,2401209176
148,6359595686
149,3431683181
150,4439217764
151,4585384257
152,3438601225
153,9003315391
154,9601138573
155,7366312898
156,5671482524
157,7071234935
158,8530046673
159,3172866606
160,6961943434
161,5794032601
162,4813243877
163,3775798085
164,8190921655
165,4521127609
166,2146848182
167,6774445190
168,4405364580
169,6805911997
170,8933708177
171,6395531804
172,9361755206
173,8751303575
174,4969100202
175,2524480469
176,8689733617
177,2869999820
178,8247129449
179,4110227491
180,3214439349
181,9477761952
182,4403361021
183,5846645860
184,7174615447
185,7582761278
186,8449320316
187,4953326354
188,7994789595
189,4714705701
190,2646420650
191,5822109283
192,4334431133
193,8484326401
194,8403248751
195,9275856228
196,5651373010
197,4135187756
198,2126595914
199,4615606168
200,7949743921
201,3515484367
202,2799086548
203,2576088733
204,2181021719
205,7633023529
206,7515216299
207,9605892328
208,4304614175
209,5043497096
210,2134275769
211,9022595579
212,7142105440
213,3124398636
214,4532238445
215,7667167078
216,5109810923
217,8472208738
218,6944048607
219,9717126049
220,6211977726
221,2486648487
222,5871052397
223,7353334648
224,6784465317
225,3715576915
226,4764443101
227,4122083406
228,8890595580
229,9692976630
230,8808431319
231,5759390146
232,7466103036
233,8012868528
234,2883730496
235,4330043817
236,8180507819
237,6052008619
238,4541841272
239,4762464475
240,4059097963
241,8693756162
242,5468566723
243,3561637262
244,7580023526
245,7030136220
246,5018564112
247,7067941271
248,4901586935
249,8022863152
250,9877314942
251,9064070265
252,7254688067
253,7596681244
254,2145796825
255,5662091999
256,6852228411
257,2277594011
258,6406869008
259,3171753072
260,9604422966
261,8500088729
262,7417824952
263,2422133829
264,7343192188
265,9676808572
266,6575502996
267,4745151940
268,9705966279
269,4603394498
270,7246255849
271,6681721309
272,3053742769
273,5388754405
274,9210901570
275,2751621110
276,8362111648
277,4975735545
278,2317484166
279,6662160617
280,6970247564
281,6010300157
282,3749184188
283,9689539319
284,4231994228
285,9313835915
286,9176236496
287,4218229513
288,3581899816
289,5997230136
290,2774064361
291,9012316214
292,2131682984
293,2544243430
294,5100091948
295,3955462598
296,5285165828
297,7711569173
298,9890817842
299,4244686248
300,9612235884
301,9045967616
302,5307552389
303,2215176602
304,2182529582
305,7430729404
306,3754548046
307,9209456924
308,5758475228
309,4329681413
310,9226162107
311,8125139987
312,9581324981
313,9133390043
314,3929047411
315,9369373142
316,4579906069
317,6169374360
318,3332301558
319,7683191027
320,2222749039
321,9687474759
322,7942312394
323,2114227777
324,9678304224
325,8378172641
326,6671301311
327,9750673354
328,5431515228
329,7908011739
330,6254849152
331,2591167137
332,9018082621
333,8956696516
334,5165358323
335,7171947593
336,7092602027
337,2529077631
338,7774322422
339,6140787098
340,5834358832
341,8739215906
342,4566700832
343,7098013377
344,2605019452
345,4240555426
346,3039381172
347,4278733714
348,3920222076
349,4344653977
350,5724303900
351,7210982700
352,5057209789
353,6574759101
354,9290735895
355,5469202523
356,8339001920
357,3117988826
358,7824364864
359,7910285451
360,8738136510
361,7517800137
362,8877420419
363,8314873224
364,5370361546
365,6188458703
366,9344374135
367,7216505944
368,4883628889
369,9803807855
370,3916427064
371,4532012932
372,3563840706
373,8309993594
374,9290704805
375,4071638708
376,7561726121
377,4701264995
378,9255472378
379,8295015639
380,7520811355
381,4286811114
382,4803735445
383,2567944872
384,2881092109
385,6097643583
386,6803662718
387,7893341633
388,8970404077
389,3362263472
390,2905438645
391,3601364218
392,9674392069
393,5831929755
394,5311560929
395,6403350861
396,5926759348
397,6055699991
398,3879082962
399,5011329876
400,5303086590
401,2363381661
402,8403470987
403,9398096450
404,6249276866
405,7324874948
406,8494466799
407,6859706628
408,5807346423
409,8595832173
410,3228393689
411,2176169274
412,9302225202
413,7327471616
414,9385124397
415,7873728594
416,9763288411
417,4011414525
418,5434198082
419,5377107366
420,9934511541
421,2158455353
422,7913649149
423,4807790864
424,5095855277
425,8923036478
426,9043933282
427,4465952956
428,7908915759
429,9755933038
430,3718633674
431,6703154665
432,8830746525
433,5452187024
434,7998686820
435,5883749051
436,7796489994
437,7647173881
438,5491415657
439,4136995631
440,2152023036
441,9259218967
442,6256667851
443,5080395990
444,9722426159
445,2857033317
446,6191974570
447,6126027966
448,3863425725
449,8373233043
450,5200927828
451,6431636496
452,3453867398
453,9323444794
454,3751582167
455,3160443945
456,2235156697
457,5001638174
458,4139578411
459,3406581108
460,8657495294
461,3729344241
462,9236638739
463,9962379535
464,8347153984
465,9521467205
466,2340167851
467,8041152035
468,4281065480
469,5147806073
470,4926311563
471,6551406654
472,2974083207
473,3506325999
474,7332330484
475,7461183314
476,6090448425
477,8197435925
478,2177881068
479,2237274940
480,3108725030
481,8760116531
482,4476253512
483,6941559620
484,5652627258
485,7655084982
486,8272869867
487,7651039905
488,9441827755
489,2058242675
490,9100922234
491,4258563943
492,6242404583
493,7105299597
494,3845715304
495,6322579432
496,4129548773
497,5773787332
498,6762197301
499,4275900869
500,3869191990
501,6053018385
502,8503887588
503,6415652815
504,5702076830
505,2923960297
506,8595142985
507,7492746602
508,4949056782
509,8121993837
510,2135784528
511,4750944906
512,7851974583
513,6095704650
514,8853469446
515,3978361212
516,9187926871
517,6227177908
518,7635255700
519,4221886691
520,3758248709
521,9002323015
522,4769612165
523,7008070032
524,9271667656
525,5106016369
526,5017802461
527,7618791424
528,9995119275
529,9345157165
530,3535872268
531,2880265039
532,4697654422
533,3644948042
534,8509093631
535,4409125652
536,3008883223
537,2546098805
538,7265976598
539,9367637239
540,2228422220
541,3705060168
542,9750326088
543,3559656505
544,6926582262
545,8111017454
546,7623831951
547,8155462466
548,9635401202
549,4143710437
550,4166623889
551,2951053781
552,9963406871
553,8702800354
554,6304501160
555,8738996206
556,3046145797
557,2838615632
558,8892134878
559,3888226657
560,8480529709
561,3651458243
562,7596294003
563,2785052751
564,8661103207
565,2003879431
566,8226935646
567,9132735774
568,2439435646
569,5616256800
570,7507327588
571,8723334492
572,7713302215
573,2772737349
574,9083996853
575,2119812022
576,5125253784
577,3751450082
578,2506812894
579,8479442575
580,2985189685
581,8916615682
582,8662568635
583,5600237173
584,6676135917
585,7935187698
586,2671271741
587,5818686739
588,7391217311
589,2856893794
590,5376933581
591,3277558940
592,9531061025
593,5391599694
594,8230370202
595,6264241006
596,4946741529
597,5094643336
598,3115247581
599,9232581726
600,5126881226
601,3678387543
602,8665797916
603,5814436741
604,7509432361
605,5552785848
606,4504916782
607,4351149587
608,3379362283
609,4509024834
610,9237332178
611,9199249769
612,3454060599
613,6789272891
614,9392719960
615,5736248419
616,3686819689
617,9960305261
618,6868699741
619,5312141238
620,7272590563
621,9644729054
622,8289195991
623,3813295176
624,3476190857
625,2204702000
626,6951072786
627,5673984911
628,5737859253
629,4539070439
630,6970764559
631,7713728314
632,2689752275
633,3484251080
634,6253839938
635,3199938767
636,4733364290
637,8670658342
638,3760040058
639,3770108064
640,8187399967
641,4108367513
642,4856537292
643,2182519420
644,2667886170
645,7032560227
646,7274541241
647,8760601452
648,6974923443
649,5752910928
650,9390562133
651,4208291220
652,8672352331
653,5749430180
654,2521861666
655,3281025752
656,3352282604
657,9098955961
658,2621817822
659,8334212856
660,2735556073
661,4471914457
662,4574013727
663,8104201766
664,6202932504
665,8957245735
666,2781302311
667,2925379984
668,8097620989
669,2127166801
670,4799631039
671,4943825031
672,2629275468
673,4726614067
674,9114800189
675,7477647732
676,2525328649
677,5356675490
678,6825955302
679,8055977313
680,6135980295
681,2861173707
682,8650308943
683,6984301365
684,8433108891
685,5306791522
686,6267915026
687,3276584224
688,4424468718
689,5635490615
690,6247060989
691,2755581760
692,3140820897
693,5184538931
694,3298015879
695,6973008277
696,6483912603
697,7061962040
698,7497930074
699,3829927366
700,5196704768
701,7066339566
702,2396907877
703,4599642742
704,9036852319
705,9664902948
706,4353468155
707,5004606424
708,2582716465
709,2450781825
710,5718542926
711,4365849142
712,6689216193
713,9290838952
714,7057994461
715,4257209683
716,8744226509
717,4667595974
718,3220821510
719,9116222107
720,7864498073
721,7925949660
722,6645750377
723,4156690758
724,5494488984
725,4268141135
726,9147829218
727,6677680964
728,6231626754
729,4361208552
730,4644131408
731,2325041089
732,2019714616
733,5589553771
734,9864897009
735,3130187632
736,4487327814
737,3092952364
738,5041216912
739,5992246422
740,6176043111
741,3847047952
742,5658722568
743,6399911339
744,8475657718
745,9432938375
746,9887481813
747,9995244104
748,4948104696
749,6444170668
750,4495240174
751,9106683657
752,4336470295
753,5436579941
754,8348457675
755,3438452442
756,4032544990
757,5175099097
758,7977098157
759,5377885417
760,9073320796
761,9819764991
762,7534342263
763,7886738926
764,5307035079
765,9877543439
766,2265393844
767,3468367350
768,4315533473
769,5156936393
770,9902702413
771,8923814573
772,7421483060
773,8008656429
774,9613582193
775,6475289574
776,4098269062
777,4236702540
778,8810542513
779,5590353859
780,3334490672
781,5116758961
782,2918951276
783,6469155755
784,7910906673
785,2107095594
786,2030220276
787,8256966003
788,7423273647
789,3358289994
790,2249861636
791,7362766858
792,9873936787
793,8422023652
794,5172204459
795,4232994502
796,2685048687
797,2532633789
798,2435367127
799,4689080406
800,8192736641
801,5123631718
802,8086318534
803,4065328871
804,9958522085
805,2992890717
806,8279530447
807,8945937660
808,6142818126
809,5041786105
810,6586964059
811,7170765241
812,5665548710
813,4920605018
814,3517395907
815,9091497287
816,4654168746
817,7436585173
818,2245523215
819,7585878618
820,4346001962
821,3158817257
822,3654851306
823,4356457588
824,6076384004
825,4636567792
826,8744921917
827,4443682530
828,6484587957
829,6828452991
830,2603912864
831,3315143668
832,2802024720
833,9766373647
834,8741261306
835,9312804635
836,5835803288
837,4985742841
838,2642569324
839,5077495245
840,3446880781
841,7658608249
842,6228930936
843,6047909135
844,3406239940
845,9285745822
846,8240684231
847,4640552570
848,3577166143
849,4083439680
850,6632700715
851,6270709079
852,3205627919
853,2138285079
854,3086930640
855,9511194098
856,4990115950
857,3004315060
858,5176321827
859,6485598866
860,4942586981
861,2702036706
862,4896137605
863,5324985482
864,9720141628
865,8488473891
866,7434563588
867,2773424652
868,4516343879
869,4488718605
870,8262676081
871,8404760805
872,9157567141
873,3405295511
874,6148150358
875,9340085840
876,7482268483
877,2358275235
878,5344353109
879,6367344727
880,9320535512
881,3240493940
882,6008187814
883,6343550708
884,3821191693
885,4189716661
886,4320887674
887,9215537549
888,9926286094
889,5207846477
890,5513564591
891,4870821194
892,3616524270
893,5257211376
894,7393011272
895,8420552739
896,2397540535
897,3381889748
898,7589471827
899,9298494437
900,4139818284
901,4228715320
902,5077262197
903,2543386991
904,3272161598
905,6205562876
906,3202940513
907,8388906037
908,6029669275
909,6283320143
910,4192082136
911,9446712915
912,7276408440
913,2137824205
914,7591927870
915,3212020589
916,3803203021
917,6331708482
918,2194757243
919,4239993820
920,6047757570
921,2722699107
922,7507988538
923,6359824396
924,3644592303
925,7091515925
926,3404930333
927,5931717023
928,7639965652
929,2089314465
930,6592506629
931,5188141754
932,9201055823
933,4880662635
934,3388027321
935,9872196109
936,5818799349
937,4253775309
938,9376448433
939,4696371588
940,5938622225
941,3504121142
942,2666552979
943,3506052247
944,5790541810
945,2594251401
946,3112517681
947,3996715264
948,8459929622
949,6851244539
950,2054043497
951,2390924400
952,5110224980
953,8658253122
954,7984673181
955,8671822905
956,9733626545
957,8190934290
958,5296878109
959,4902209158
960,8904809420
961,3503816027
962,8221537173
963,3262194253
964,5687060225
965,8961337194
966,6815956681
967,4967347117
968,4190930471
969,9274276482
970,2373243755
971,2436787007
972,9219320598
973,3219884227
974,6101539324
975,2314264252
976,3056595527
977,3513426944
978,7457874055
979,4598586846
980,3920010163
981,5230327894
982,2700432354
983,7437079761
984,9280983109
985,9045780498
986,4282552216
987,9849702981
988,8574538738
989,7196491167
990,4503542785
991,8677015218
992,7221758523
993,2254770028
994,7334241598
995,6547829455
996,7217907486
997,7331488688
998,2305016707
999,3543602926
1000,3343211652
1001,5008893786
1002,9496943981
1003,9749090649
1004,5574584684
1005,9383924859
1006,6972160057
1007,9080559627
1008,3570829946
1009,2015776223
1010,2977396511
1011,6777365908
1012,2019761063
1013,3426547526
1014,6266307143
1015,5047617862
1016,2267151550
1017,7256835024
1018,2356264175
1019,4192438775
1020,2652641392
1021,7724280941
1022,5579548985
1023,4960040535
1024,7671255158
1025,7589102506
1026,7774366176
1027,2197328720
1028,5447949595
1029,5965413156
1030,9103155519
1031,5007417373
1032,2938524287
1033,4168704330
1034,8654497238
1035,7705080575
1036,3511884668
1037,4158390604
1038,4379987016
1039,4857563574
1040,7277166438
1041,7476438011
1042,5548538528
1043,6290603947
1044,9406379188
1045,5109296593
1046,7855638592
1047,3900673419
1048,4419533807
1049,9687333335
1050,5897007656
1051,3737412110
1052,4120877091
1053,3240898840
1054,3370814145
1055,9990882225
1056,5683865879
1057,2298204776
1058,2617650564
1059,7415977510
1060,8118135175
1061,6336688542
1062,3514161088
1063,2325008270
1064,3879289330
1065,5576456026
1066,6314059526
1067,3794775815
1068,4745764388
1069,8949905343
1070,2979203272
1071,3506586423
1072,3361159344
1073,2427288944
1074,5702957710
1075,9862874724
1076,9054169248
1077,2888452769
1078,4939631301
1079,5838697286
1080,8399561465
1081,8383680510
1082,2997201858
1083,9263556384
1084,2508938447
1085,7857472632
1086,7595429804
1087,7685304962
1088,5271620955
1089,6742706313
1090,5061969265
1091,6271156388
1092,5819911154
1093,3661103095
1094,9853446890
1095,6282810145
1096,6773069351
1097,3214614461
1098,5976738221
1099,4123612035
1100,9727405320
