employee_id,email_id
101,5001
102,5002
103,5003
104,5004
105,5005
106,5006
107,5007
108,5008
109,5009
110,5010
111,5011
112,5012
113,5013
114,5014
115,5015
116,5016
117,5017
118,5018
119,5019
120,5020
121,5021
122,5022
123,5023
124,5024
125,5025
126,5026
127,5027
128,5028
129,5029
130,5030
131,5031
132,5032
133,5033
134,5034
135,5035
136,5036
137,5037
138,5038
139,5039
140,5040
141,5041
142,5042
143,5043
144,5044
145,5045
146,5046
147,5047
148,5048
149,5049
150,5050
151,5051
152,5052
153,5053
154,5054
155,5055
156,5056
157,5057
158,5058
159,5059
160,5060
161,5061
162,5062
163,5063
164,5064
165,5065
166,5066
167,5067
168,5068
169,5069
170,5070
171,5071
172,5072
173,5073
174,5074
175,5075
176,5076
177,5077
178,5078
179,5079
180,5080
181,5081
182,5082
183,5083
184,5084
185,5085
186,5086
187,5087
188,5088
189,5089
190,5090
191,5091
192,5092
193,5093
194,5094
195,5095
196,5096
197,5097
198,5098
199,5099
200,5100
201,5101
202,5102
203,5103
204,5104
205,5105
206,5106
207,5107
208,5108
209,5109
210,5110
211,5111
212,5112
213,5113
214,5114
215,5115
216,5116
217,5117
218,5118
219,5119
220,5120
221,5121
222,5122
223,5123
224,5124
225,5125
226,5126
227,5127
228,5128
229,5129
230,5130
231,5131
232,5132
233,5133
234,5134
235,5135
236,5136
237,5137
238,5138
239,5139
240,5140
241,5141
242,5142
243,5143
244,5144
245,5145
246,5146
247,5147
248,5148
249,5149
250,5150
251,5151
252,5152
253,5153
254,5154
255,5155
256,5156
257,5157
258,5158
259,5159
260,5160
261,5161
262,5162
263,5163
264,5164
265,5165
266,5166
267,5167
268,5168
269,5169
270,5170
271,5171
272,5172
273,5173
274,5174
275,5175
276,5176
277,5177
278,5178
279,5179
280,5180
281,5181
282,5182
283,5183
284,5184
285,5185
286,5186
287,5187
288,5188
289,5189
290,5190
291,5191
292,5192
293,5193
294,5194
295,5195
296,5196
297,5197
298,5198
299,5199
300,5200
301,5201
302,5202
303,5203
304,5204
305,5205
306,5206
307,5207
308,5208
309,5209
310,5210
311,5211
312,5212
313,5213
314,5214
315,5215
316,5216
317,5217
318,5218
319,5219
320,5220
321,5221
322,5222
323,5223
324,5224
325,5225
326,5226
327,5227
328,5228
329,5229
330,5230
331,5231
332,5232
333,5233
334,5234
335,5235
336,5236
337,5237
338,5238
339,5239
340,5240
341,5241
342,5242
343,5243
344,5244
345,5245
346,5246
347,5247
348,5248
349,5249
350,5250
351,5251
352,5252
353,5253
354,5254
355,5255
356,5256
357,5257
358,5258
359,5259
360,5260
361,5261
362,5262
363,5263
364,5264
365,5265
366,5266
367,5267
368,5268
369,5269
370,5270
371,5271
372,5272
373,5273
374,5274
375,5275
376,5276
377,5277
378,5278
379,5279
380,5280
381,5281
382,5282
383,5283
384,5284
385,5285
386,5286
387,5287
388,5288
389,5289
390,5290
391,5291
392,5292
393,5293
394,5294
395,5295
396,5296
397,5297
398,5298
399,5299
400,5300
401,5301
402,5302
403,5303
404,5304
405,5305
406,5306
407,5307
408,5308
409,5309
410,5310
411,5311
412,5312
413,5313
414,5314
415,5315
416,5316
417,5317
418,5318
419,5319
420,5320
421,5321
422,5322
423,5323
424,5324
425,5325
426,5326
427,5327
428,5328
429,5329
430,5330
431,5331
432,5332
433,5333
434,5334
435,5335
436,5336
437,5337
438,5338
439,5339
440,5340
441,5341
442,5342
443,5343
444,5344
445,5345
446,5346
447,5347
448,5348
449,5349
450,5350
451,5351
452,5352
453,5353
454,5354
455,5355
456,5356
457,5357
458,5358
459,5359
460,5360
461,5361
462,5362
463,5363
464,5364
465,5365
466,5366
467,5367
468,5368
469,5369
470,5370
471,5371
472,5372
473,5373
474,5374
475,5375
476,5376
477,5377
478,5378
479,5379
480,5380
481,5381
482,5382
483,5383
484,5384
485,5385
486,5386
487,5387
488,5388
489,5389
490,5390
491,5391
492,5392
493,5393
494,5394
495,5395
496,5396
497,5397
498,5398
499,5399
500,5400
501,5401
502,5402
503,5403
504,5404
505,5405
506,5406
507,5407
508,5408
509,5409
510,5410
511,5411
512,5412
513,5413
514,5414
515,5415
516,5416
517,5417
518,5418
519,5419
520,5420
521,5421
522,5422
523,5423
524,5424
525,5425
526,5426
527,5427
528,5428
529,5429
530,5430
531,5431
532,5432
533,5433
534,5434
535,5435
536,5436
537,5437
538,5438
539,5439
540,5440
541,5441
542,5442
543,5443
544,5444
545,5445
546,5446
547,5447
548,5448
549,5449
550,5450
551,5451
552,5452
553,5453
554,5454
555,5455
556,5456
557,5457
558,5458
559,5459
560,5460
561,5461
562,5462
563,5463
564,5464
565,5465
566,5466
567,5467
568,5468
569,5469
570,5470
571,5471
572,5472
573,5473
574,5474
575,5475
576,5476
577,5477
578,5478
579,5479
580,5480
581,5481
582,5482
583,5483
584,5484
585,5485
586,5486
587,5487
588,5488
589,5489
590,5490
591,5491
592,5492
593,5493
594,5494
595,5495
596,5496
597,5497
598,5498
599,5499
600,5500
601,5501
602,5502
603,5503
604,5504
605,5505
606,5506
607,5507
608,5508
609,5509
610,5510
611,5511
612,5512
613,5513
614,5514
615,5515
616,5516
617,5517
618,5518
619,5519
620,5520
621,5521
622,5522
623,5523
624,5524
625,5525
626,5526
627,5527
628,5528
629,5529
630,5530
631,5531
632,5532
633,5533
634,5534
635,5535
636,5536
637,5537
638,5538
639,5539
640,5540
641,5541
642,5542
643,5543
644,5544
645,5545
646,5546
647,5547
648,5548
649,5549
650,5550
651,5551
652,5552
653,5553
654,5554
655,5555
656,5556
657,5557
658,5558
659,5559
660,5560
661,5561
662,5562
663,5563
664,5564
665,5565
666,5566
667,5567
668,5568
669,5569
670,5570
671,5571
672,5572
673,5573
674,5574
675,5575
676,5576
677,5577
678,5578
679,5579
680,5580
681,5581
682,5582
683,5583
684,5584
685,5585
686,5586
687,5587
688,5588
689,5589
690,5590
691,5591
692,5592
693,5593
694,5594
695,5595
696,5596
697,5597
698,5598
699,5599
700,5600
701,5601
702,5602
703,5603
704,5604
705,5605
706,5606
707,5607
708,5608
709,5609
710,5610
711,5611
712,5612
713,5613
714,5614
715,5615
716,5616
717,5617
718,5618
719,5619
720,5620
721,5621
722,5622
723,5623
724,5624
725,5625
726,5626
727,5627
728,5628
729,5629
730,5630
731,5631
732,5632
733,5633
734,5634
735,5635
736,5636
737,5637
738,5638
739,5639
740,5640
741,5641
742,5642
743,5643
744,5644
745,5645
746,5646
747,5647
748,5648
749,5649
750,5650
751,5651
752,5652
753,5653
754,5654
755,5655
756,5656
757,5657
758,5658
759,5659
760,5660
761,5661
762,5662
763,5663
764,5664
765,5665
766,5666
767,5667
768,5668
769,5669
770,5670
771,5671
772,5672
773,5673
774,5674
775,5675
776,5676
777,5677
778,5678
779,5679
780,5680
781,5681
782,5682
783,5683
784,5684
785,5685
786,5686
787,5687
788,5688
789,5689
790,5690
791,5691
792,5692
793,5693
794,5694
795,5695
796,5696
797,5697
798,5698
799,5699
800,5700
801,5701
802,5702
803,5703
804,5704
805,5705
806,5706
807,5707
808,5708
809,5709
810,5710
811,5711
812,5712
813,5713
814,5714
815,5715
816,5716
817,5717
818,5718
819,5719
820,5720
821,5721
822,5722
823,5723
824,5724
825,5725
826,5726
827,5727
828,5728
829,5729
830,5730
831,5731
832,5732
833,5733
834,5734
835,5735
836,5736
837,5737
838,5738
839,5739
840,5740
841,5741
842,5742
843,5743
844,5744
845,5745
846,5746
847,5747
848,5748
849,5749
850,5750
851,5751
852,5752
853,5753
854,5754
855,5755
856,5756
857,5757
858,5758
859,5759
860,5760
861,5761
862,5762
863,5763
864,5764
865,5765
866,5766
867,5767
868,5768
869,5769
870,5770
871,5771
872,5772
873,5773
874,5774
875,5775
876,5776
877,5777
878,5778
879,5779
880,5780
881,5781
882,5782
883,5783
884,5784
885,5785
886,5786
887,5787
888,5788
889,5789
890,5790
891,5791
892,5792
893,5793
894,5794
895,5795
896,5796
897,5797
898,5798
899,5799
900,5800
901,5801
902,5802
903,5803
904,5804
905,5805
906,5806
907,5807
908,5808
909,5809
910,5810
911,5811
912,5812
913,5813
914,5814
915,5815
916,5816
917,5817
918,5818
919,5819
920,5820
921,5821
922,5822
923,5823
924,5824
925,5825
926,5826
927,5827
928,5828
929,5829
930,5830
931,5831
932,5832
933,5833
934,5834
935,5835
936,5836
937,5837
938,5838
939,5839
940,5840
941,5841
942,5842
943,5843
944,5844
945,5845
946,5846
947,5847
948,5848
949,5849
950,5850
951,5851
952,5852
953,5853
954,5854
955,5855
956,5856
957,5857
958,5858
959,5859
960,5860
961,5861
962,5862
963,5863
964,5864
965,5865
966,5866
967,5867
968,5868
969,5869
970,5870
971,5871
972,5872
973,5873
974,5874
975,5875
976,5876
977,5877
978,5878
979,5879
980,5880
981,5881
982,5882
983,5883
984,5884
985,5885
986,5886
987,5887
988,5888
989,5889
990,5890
991,5891
992,5892
993,5893
994,5894
995,5895
996,5896
997,5897
998,5898
999,5899
1000,5900
1001,5901
1002,5902
1003,5903
1004,5904
1005,5905
1006,5906
1007,5907
1008,5908
1009,5909
1010,5910
1011,5911
1012,5912
1013,5913
1014,5914
1015,5915
1016,5916
1017,5917
1018,5918
1019,5919
1020,5920
1021,5921
1022,5922
1023,5923
1024,5924
1025,5925
1026,5926
1027,5927
1028,5928
1029,5929
1030,5930
1031,5931
1032,5932
1033,5933
1034,5934
1035,5935
1036,5936
1037,5937
1038,5938
1039,5939
1040,5940
1041,5941
1042,5942
1043,5943
1044,5944
1045,5945
1046,5946
1047,5947
1048,5948
1049,5949
1050,5950
1051,5951
1052,5952
1053,5953
1054,5954
1055,5955
1056,5956
1057,5957
1058,5958
1059,5959
1060,5960
1061,5961
1062,5962
1063,5963
1064,5964
1065,5965
1066,5966
1067,5967
1068,5968
1069,5969
1070,5970
1071,5971
1072,5972
1073,5973
1074,5974
1075,5975
1076,5976
1077,5977
1078,5978
1079,5979
1080,5980
1081,5981
1082,5982
1083,5983
1084,5984
1085,5985
1086,5986
1087,5987
1088,5988
1089,5989
1090,5990
1091,5991
1092,5992
1093,5993
1094,5994
1095,5995
1096,5996
1097,5997
1098,5998
1099,5999
1100,6000
