employee_id,email_id,phone_no,reviews
101,5001,2236471893,40
102,5002,5613994381,90
103,5003,3339526782,99
104,5004,9534422414,42
105,5005,3790490792,44
106,5006,3407835598,100
107,5007,2179306366,96
108,5008,6588057966,53
109,5009,4486944364,89
110,5010,7130261083,96
111,5011,5155769873,47
112,5012,4202204708,96
113,5013,7998900621,90
114,5014,2596713557,44
115,5015,9430466325,72
116,5016,9484390324,54
117,5017,3204063600,48
118,5018,2432404689,92
119,5019,2331881955,55
120,5020,7866236257,85
121,5021,4219387641,40
122,5022,7548632209,96
123,5023,3204668084,95
124,5024,5078306673,83
125,5025,7837307754,54
126,5026,4901012124,76
127,5027,9387699486,92
128,5028,3221798342,94
129,5029,4985834291,100
130,5030,8059779146,93
131,5031,8179850075,89
132,5032,7263649310,51
133,5033,7425527049,92
134,5034,7930999965,78
135,5035,9694490697,62
136,5036,5096175089,86
137,5037,2499356488,50
138,5038,4046158993,56
139,5039,9799196463,91
140,5040,9980935583,90
141,5041,7852670237,62
142,5042,9036688381,67
143,5043,8192732991,60
144,5044,7164606660,61
145,5045,9136276669,66
146,5046,4047372328,81
147,5047,2401209176,64
148,5048,6359595686,93
149,5049,3431683181,57
150,5050,4439217764,70
151,5051,4585384257,92
152,5052,3438601225,73
153,5053,9003315391,59
154,5054,9601138573,93
155,5055,7366312898,78
156,5056,5671482524,100
157,5057,7071234935,98
158,5058,8530046673,79
159,5059,3172866606,51
160,5060,6961943434,98
161,5061,5794032601,43
162,5062,4813243877,48
163,5063,3775798085,97
164,5064,8190921655,54
165,5065,4521127609,67
166,5066,2146848182,75
167,5067,6774445190,75
168,5068,4405364580,40
169,5069,6805911997,78
170,5070,8933708177,82
171,5071,6395531804,98
172,5072,9361755206,55
173,5073,8751303575,66
174,5074,4969100202,75
175,5075,2524480469,93
176,5076,8689733617,65
177,5077,2869999820,93
178,5078,8247129449,71
179,5079,4110227491,48
180,5080,3214439349,45
181,5081,9477761952,75
182,5082,4403361021,65
183,5083,5846645860,54
184,5084,7174615447,99
185,5085,7582761278,76
186,5086,8449320316,96
187,5087,4953326354,70
188,5088,7994789595,76
189,5089,4714705701,56
190,5090,2646420650,97
191,5091,5822109283,97
192,5092,4334431133,76
193,5093,8484326401,44
194,5094,8403248751,79
195,5095,9275856228,97
196,5096,5651373010,59
197,5097,4135187756,97
198,5098,2126595914,98
199,5099,4615606168,95
200,5100,7949743921,100
201,5101,3515484367,49
202,5102,2799086548,73
203,5103,2576088733,93
204,5104,2181021719,41
205,5105,7633023529,76
206,5106,7515216299,77
207,5107,9605892328,74
208,5108,4304614175,98
209,5109,5043497096,79
210,5110,2134275769,61
211,5111,9022595579,97
212,5112,7142105440,96
213,5113,3124398636,93
214,5114,4532238445,54
215,5115,7667167078,74
216,5116,5109810923,60
217,5117,8472208738,73
218,5118,6944048607,74
219,5119,9717126049,74
220,5120,6211977726,95
221,5121,2486648487,68
222,5122,5871052397,44
223,5123,7353334648,83
224,5124,6784465317,76
225,5125,3715576915,88
226,5126,4764443101,70
227,5127,4122083406,41
228,5128,8890595580,84
229,5129,9692976630,64
230,5130,8808431319,46
231,5131,5759390146,60
232,5132,7466103036,62
233,5133,8012868528,84
234,5134,2883730496,87
235,5135,4330043817,81
236,5136,8180507819,92
237,5137,6052008619,94
238,5138,4541841272,65
239,5139,4762464475,65
240,5140,4059097963,94
241,5141,8693756162,79
242,5142,5468566723,51
243,5143,3561637262,50
244,5144,7580023526,85
245,5145,7030136220,46
246,5146,5018564112,51
247,5147,7067941271,69
248,5148,4901586935,76
249,5149,8022863152,70
250,5150,9877314942,63
251,5151,9064070265,62
252,5152,7254688067,91
253,5153,7596681244,67
254,5154,2145796825,54
255,5155,5662091999,48
256,5156,6852228411,84
257,5157,2277594011,92
258,5158,6406869008,81
259,5159,3171753072,92
260,5160,9604422966,77
261,5161,8500088729,78
262,5162,7417824952,93
263,5163,2422133829,62
264,5164,7343192188,86
265,5165,9676808572,96
266,5166,6575502996,51
267,5167,4745151940,40
268,5168,9705966279,58
269,5169,4603394498,58
270,5170,7246255849,82
271,5171,6681721309,93
272,5172,3053742769,62
273,5173,5388754405,90
274,5174,9210901570,70
275,5175,2751621110,64
276,5176,8362111648,99
277,5177,4975735545,67
278,5178,2317484166,85
279,5179,6662160617,95
280,5180,6970247564,73
281,5181,6010300157,89
282,5182,3749184188,55
283,5183,9689539319,76
284,5184,4231994228,72
285,5185,9313835915,67
286,5186,9176236496,92
287,5187,4218229513,81
288,5188,3581899816,58
289,5189,5997230136,78
290,5190,2774064361,93
291,5191,9012316214,87
292,5192,2131682984,99
293,5193,2544243430,72
294,5194,5100091948,65
295,5195,3955462598,52
296,5196,5285165828,58
297,5197,7711569173,74
298,5198,9890817842,65
299,5199,4244686248,41
300,5200,9612235884,75
301,5201,9045967616,59
302,5202,5307552389,61
303,5203,2215176602,79
304,5204,2182529582,91
305,5205,7430729404,94
306,5206,3754548046,78
307,5207,9209456924,76
308,5208,5758475228,46
309,5209,4329681413,76
310,5210,9226162107,66
311,5211,8125139987,93
312,5212,9581324981,98
313,5213,9133390043,63
314,5214,3929047411,91
315,5215,9369373142,83
316,5216,4579906069,81
317,5217,6169374360,83
318,5218,3332301558,55
319,5219,7683191027,59
320,5220,2222749039,57
321,5221,9687474759,63
322,5222,7942312394,77
323,5223,2114227777,89
324,5224,9678304224,71
325,5225,8378172641,78
326,5226,6671301311,78
327,5227,9750673354,66
328,5228,5431515228,86
329,5229,7908011739,58
330,5230,6254849152,53
331,5231,2591167137,100
332,5232,9018082621,97
333,5233,8956696516,48
334,5234,5165358323,58
335,5235,7171947593,60
336,5236,7092602027,63
337,5237,2529077631,97
338,5238,7774322422,93
339,5239,6140787098,88
340,5240,5834358832,68
341,5241,8739215906,70
342,5242,4566700832,49
343,5243,7098013377,80
344,5244,2605019452,42
345,5245,4240555426,93
346,5246,3039381172,55
347,5247,4278733714,77
348,5248,3920222076,56
349,5249,4344653977,65
350,5250,5724303900,69
351,5251,7210982700,93
352,5252,5057209789,61
353,5253,6574759101,89
354,5254,9290735895,66
355,5255,5469202523,71
356,5256,8339001920,64
357,5257,3117988826,97
358,5258,7824364864,52
359,5259,7910285451,91
360,5260,8738136510,75
361,5261,7517800137,40
362,5262,8877420419,94
363,5263,8314873224,64
364,5264,5370361546,99
365,5265,6188458703,98
366,5266,9344374135,89
367,5267,7216505944,80
368,5268,4883628889,86
369,5269,9803807855,61
370,5270,3916427064,87
371,5271,4532012932,51
372,5272,3563840706,54
373,5273,8309993594,58
374,5274,9290704805,91
375,5275,4071638708,52
376,5276,7561726121,85
377,5277,4701264995,92
378,5278,9255472378,91
379,5279,8295015639,43
380,5280,7520811355,100
381,5281,4286811114,54
382,5282,4803735445,75
383,5283,2567944872,98
384,5284,2881092109,60
385,5285,6097643583,86
386,5286,6803662718,81
387,5287,7893341633,76
388,5288,8970404077,93
389,5289,3362263472,46
390,5290,2905438645,40
391,5291,3601364218,96
392,5292,9674392069,87
393,5293,5831929755,76
394,5294,5311560929,43
395,5295,6403350861,78
396,5296,5926759348,98
397,5297,6055699991,51
398,5298,3879082962,50
399,5299,5011329876,65
400,5300,5303086590,80
401,5301,2363381661,96
402,5302,8403470987,51
403,5303,9398096450,63
404,5304,6249276866,42
405,5305,7324874948,47
406,5306,8494466799,78
407,5307,6859706628,80
408,5308,5807346423,81
409,5309,8595832173,71
410,5310,3228393689,72
411,5311,2176169274,78
412,5312,9302225202,96
413,5313,7327471616,70
414,5314,9385124397,53
415,5315,7873728594,94
416,5316,9763288411,68
417,5317,4011414525,61
418,5318,5434198082,88
419,5319,5377107366,42
420,5320,9934511541,63
421,5321,2158455353,80
422,5322,7913649149,93
423,5323,4807790864,44
424,5324,5095855277,83
425,5325,8923036478,84
426,5326,9043933282,72
427,5327,4465952956,75
428,5328,7908915759,59
429,5329,9755933038,96
430,5330,3718633674,59
431,5331,6703154665,80
432,5332,8830746525,93
433,5333,5452187024,71
434,5334,7998686820,49
435,5335,5883749051,45
436,5336,7796489994,84
437,5337,7647173881,90
438,5338,5491415657,78
439,5339,4136995631,92
440,5340,2152023036,85
441,5341,9259218967,83
442,5342,6256667851,61
443,5343,5080395990,93
444,5344,9722426159,42
445,5345,2857033317,97
446,5346,6191974570,82
447,5347,6126027966,94
448,5348,3863425725,81
449,5349,8373233043,85
450,5350,5200927828,64
451,5351,6431636496,44
452,5352,3453867398,75
453,5353,9323444794,60
454,5354,3751582167,94
455,5355,3160443945,100
456,5356,2235156697,78
457,5357,5001638174,65
458,5358,4139578411,58
459,5359,3406581108,94
460,5360,8657495294,42
461,5361,3729344241,51
462,5362,9236638739,96
463,5363,9962379535,64
464,5364,8347153984,86
465,5365,9521467205,96
466,5366,2340167851,48
467,5367,8041152035,42
468,5368,4281065480,64
469,5369,5147806073,61
470,5370,4926311563,84
471,5371,6551406654,67
472,5372,2974083207,81
473,5373,3506325999,79
474,5374,7332330484,87
475,5375,7461183314,76
476,5376,6090448425,46
477,5377,8197435925,69
478,5378,2177881068,77
479,5379,2237274940,84
480,5380,3108725030,44
481,5381,8760116531,60
482,5382,4476253512,79
483,5383,6941559620,46
484,5384,5652627258,99
485,5385,7655084982,84
486,5386,8272869867,48
487,5387,7651039905,100
488,5388,9441827755,70
489,5389,2058242675,43
490,5390,9100922234,71
491,5391,4258563943,42
492,5392,6242404583,76
493,5393,7105299597,67
494,5394,3845715304,49
495,5395,6322579432,42
496,5396,4129548773,88
497,5397,5773787332,78
498,5398,6762197301,71
499,5399,4275900869,86
500,5400,3869191990,74
501,5401,6053018385,83
502,5402,8503887588,96
503,5403,6415652815,100
504,5404,5702076830,70
505,5405,2923960297,80
506,5406,8595142985,47
507,5407,7492746602,41
508,5408,4949056782,62
509,5409,8121993837,96
510,5410,2135784528,70
511,5411,4750944906,80
512,5412,7851974583,68
513,5413,6095704650,54
514,5414,8853469446,62
515,5415,3978361212,53
516,5416,9187926871,57
517,5417,6227177908,59
518,5418,7635255700,76
519,5419,4221886691,63
520,5420,3758248709,60
521,5421,9002323015,66
522,5422,4769612165,89
523,5423,7008070032,78
524,5424,9271667656,91
525,5425,5106016369,84
526,5426,5017802461,67
527,5427,7618791424,83
528,5428,9995119275,98
529,5429,9345157165,77
530,5430,3535872268,91
531,5431,2880265039,85
532,5432,4697654422,65
533,5433,3644948042,88
534,5434,8509093631,85
535,5435,4409125652,63
536,5436,3008883223,86
537,5437,2546098805,79
538,5438,7265976598,67
539,5439,9367637239,43
540,5440,2228422220,52
541,5441,3705060168,64
542,5442,9750326088,58
543,5443,3559656505,94
544,5444,6926582262,59
545,5445,8111017454,60
546,5446,7623831951,46
547,5447,8155462466,90
548,5448,9635401202,58
549,5449,4143710437,88
550,5450,4166623889,96
551,5451,2951053781,99
552,5452,9963406871,100
553,5453,8702800354,56
554,5454,6304501160,58
555,5455,8738996206,67
556,5456,3046145797,67
557,5457,2838615632,69
558,5458,8892134878,81
559,5459,3888226657,72
560,5460,8480529709,89
561,5461,3651458243,49
562,5462,7596294003,59
563,5463,2785052751,83
564,5464,8661103207,81
565,5465,2003879431,59
566,5466,8226935646,49
567,5467,9132735774,84
568,5468,2439435646,72
569,5469,5616256800,86
570,5470,7507327588,90
571,5471,8723334492,44
572,5472,7713302215,65
573,5473,2772737349,84
574,5474,9083996853,62
575,5475,2119812022,75
576,5476,5125253784,63
577,5477,3751450082,68
578,5478,2506812894,80
579,5479,8479442575,93
580,5480,2985189685,91
581,5481,8916615682,48
582,5482,8662568635,65
583,5483,5600237173,47
584,5484,6676135917,42
585,5485,7935187698,87
586,5486,2671271741,97
587,5487,5818686739,66
588,5488,7391217311,90
589,5489,2856893794,42
590,5490,5376933581,92
591,5491,3277558940,67
592,5492,9531061025,72
593,5493,5391599694,42
594,5494,8230370202,94
595,5495,6264241006,62
596,5496,4946741529,59
597,5497,5094643336,41
598,5498,3115247581,61
599,5499,9232581726,72
600,5500,5126881226,61
601,5501,3678387543,73
602,5502,8665797916,90
603,5503,5814436741,80
604,5504,7509432361,85
605,5505,5552785848,88
606,5506,4504916782,70
607,5507,4351149587,66
608,5508,3379362283,59
609,5509,4509024834,100
610,5510,9237332178,40
611,5511,9199249769,91
612,5512,3454060599,93
613,5513,6789272891,79
614,5514,9392719960,98
615,5515,5736248419,70
616,5516,3686819689,41
617,5517,9960305261,95
618,5518,6868699741,60
619,5519,5312141238,68
620,5520,7272590563,50
621,5521,9644729054,97
622,5522,8289195991,48
623,5523,3813295176,93
624,5524,3476190857,97
625,5525,2204702000,99
626,5526,6951072786,89
627,5527,5673984911,69
628,5528,5737859253,53
629,5529,4539070439,92
630,5530,6970764559,40
631,5531,7713728314,74
632,5532,2689752275,93
633,5533,3484251080,82
634,5534,6253839938,69
635,5535,3199938767,55
636,5536,4733364290,76
637,5537,8670658342,41
638,5538,3760040058,100
639,5539,3770108064,90
640,5540,8187399967,79
641,5541,4108367513,62
642,5542,4856537292,97
643,5543,2182519420,72
644,5544,2667886170,70
645,5545,7032560227,65
646,5546,7274541241,82
647,5547,8760601452,40
648,5548,6974923443,70
649,5549,5752910928,72
650,5550,9390562133,58
651,5551,4208291220,44
652,5552,8672352331,63
653,5553,5749430180,77
654,5554,2521861666,69
655,5555,3281025752,73
656,5556,3352282604,72
657,5557,9098955961,44
658,5558,2621817822,73
659,5559,8334212856,90
660,5560,2735556073,40
661,5561,4471914457,87
662,5562,4574013727,71
663,5563,8104201766,96
664,5564,6202932504,98
665,5565,8957245735,99
666,5566,2781302311,46
667,5567,2925379984,97
668,5568,8097620989,50
669,5569,2127166801,66
670,5570,4799631039,61
671,5571,4943825031,74
672,5572,2629275468,68
673,5573,4726614067,99
674,5574,9114800189,64
675,5575,7477647732,63
676,5576,2525328649,97
677,5577,5356675490,98
678,5578,6825955302,95
679,5579,8055977313,49
680,5580,6135980295,65
681,5581,2861173707,58
682,5582,8650308943,71
683,5583,6984301365,54
684,5584,8433108891,76
685,5585,5306791522,93
686,5586,6267915026,63
687,5587,3276584224,90
688,5588,4424468718,92
689,5589,5635490615,58
690,5590,6247060989,49
691,5591,2755581760,98
692,5592,3140820897,44
693,5593,5184538931,88
694,5594,3298015879,99
695,5595,6973008277,63
696,5596,6483912603,82
697,5597,7061962040,61
698,5598,7497930074,83
699,5599,3829927366,75
700,5600,5196704768,51
701,5601,7066339566,64
702,5602,2396907877,40
703,5603,4599642742,87
704,5604,9036852319,61
705,5605,9664902948,89
706,5606,4353468155,85
707,5607,5004606424,53
708,5608,2582716465,96
709,5609,2450781825,89
710,5610,5718542926,45
711,5611,4365849142,88
712,5612,6689216193,76
713,5613,9290838952,47
714,5614,7057994461,79
715,5615,4257209683,51
716,5616,8744226509,94
717,5617,4667595974,80
718,5618,3220821510,63
719,5619,9116222107,93
720,5620,7864498073,74
721,5621,7925949660,66
722,5622,6645750377,80
723,5623,4156690758,68
724,5624,5494488984,42
725,5625,4268141135,59
726,5626,9147829218,84
727,5627,6677680964,94
728,5628,6231626754,61
729,5629,4361208552,41
730,5630,4644131408,67
731,5631,2325041089,88
732,5632,2019714616,78
733,5633,5589553771,40
734,5634,9864897009,99
735,5635,3130187632,67
736,5636,4487327814,82
737,5637,3092952364,41
738,5638,5041216912,52
739,5639,5992246422,76
740,5640,6176043111,91
741,5641,3847047952,74
742,5642,5658722568,79
743,5643,6399911339,72
744,5644,8475657718,62
745,5645,9432938375,98
746,5646,9887481813,94
747,5647,9995244104,88
748,5648,4948104696,89
749,5649,6444170668,72
750,5650,4495240174,78
751,5651,9106683657,92
752,5652,4336470295,78
753,5653,5436579941,43
754,5654,8348457675,46
755,5655,3438452442,93
756,5656,4032544990,95
757,5657,5175099097,69
758,5658,7977098157,67
759,5659,5377885417,94
760,5660,9073320796,89
761,5661,9819764991,70
762,5662,7534342263,64
763,5663,7886738926,47
764,5664,5307035079,100
765,5665,9877543439,80
766,5666,2265393844,41
767,5667,3468367350,95
768,5668,4315533473,83
769,5669,5156936393,75
770,5670,9902702413,80
771,5671,8923814573,69
772,5672,7421483060,75
773,5673,8008656429,97
774,5674,9613582193,75
775,5675,6475289574,47
776,5676,4098269062,69
777,5677,4236702540,99
778,5678,8810542513,92
779,5679,5590353859,60
780,5680,3334490672,44
781,5681,5116758961,59
782,5682,2918951276,71
783,5683,6469155755,58
784,5684,7910906673,67
785,5685,2107095594,84
786,5686,2030220276,77
787,5687,8256966003,51
788,5688,7423273647,46
789,5689,3358289994,98
790,5690,2249861636,80
791,5691,7362766858,47
792,5692,9873936787,87
793,5693,8422023652,74
794,5694,5172204459,78
795,5695,4232994502,99
796,5696,2685048687,59
797,5697,2532633789,82
798,5698,2435367127,80
799,5699,4689080406,40
800,5700,8192736641,40
801,5701,5123631718,44
802,5702,8086318534,78
803,5703,4065328871,60
804,5704,9958522085,93
805,5705,2992890717,69
806,5706,8279530447,47
807,5707,8945937660,72
808,5708,6142818126,60
809,5709,5041786105,95
810,5710,6586964059,63
811,5711,7170765241,86
812,5712,5665548710,77
813,5713,4920605018,53
814,5714,3517395907,100
815,5715,9091497287,50
816,5716,4654168746,64
817,5717,7436585173,50
818,5718,2245523215,41
819,5719,7585878618,83
820,5720,4346001962,78
821,5721,3158817257,41
822,5722,3654851306,68
823,5723,4356457588,68
824,5724,6076384004,44
825,5725,4636567792,99
826,5726,8744921917,42
827,5727,4443682530,94
828,5728,6484587957,76
829,5729,6828452991,72
830,5730,2603912864,65
831,5731,3315143668,96
832,5732,2802024720,74
833,5733,9766373647,51
834,5734,8741261306,87
835,5735,9312804635,77
836,5736,5835803288,97
837,5737,4985742841,56
838,5738,2642569324,71
839,5739,5077495245,97
840,5740,3446880781,95
841,5741,7658608249,82
842,5742,6228930936,78
843,5743,6047909135,94
844,5744,3406239940,84
845,5745,9285745822,70
846,5746,8240684231,99
847,5747,4640552570,88
848,5748,3577166143,84
849,5749,4083439680,97
850,5750,6632700715,99
851,5751,6270709079,87
852,5752,3205627919,80
853,5753,2138285079,59
854,5754,3086930640,51
855,5755,9511194098,95
856,5756,4990115950,51
857,5757,3004315060,68
858,5758,5176321827,61
859,5759,6485598866,93
860,5760,4942586981,92
861,5761,2702036706,70
862,5762,4896137605,70
863,5763,5324985482,89
864,5764,9720141628,44
865,5765,8488473891,87
866,5766,7434563588,52
867,5767,2773424652,99
868,5768,4516343879,79
869,5769,4488718605,72
870,5770,8262676081,51
871,5771,8404760805,92
872,5772,9157567141,95
873,5773,3405295511,53
874,5774,6148150358,99
875,5775,9340085840,94
876,5776,7482268483,40
877,5777,2358275235,44
878,5778,5344353109,100
879,5779,6367344727,93
880,5780,9320535512,100
881,5781,3240493940,97
882,5782,6008187814,73
883,5783,6343550708,72
884,5784,3821191693,57
885,5785,4189716661,85
886,5786,4320887674,61
887,5787,9215537549,76
888,5788,9926286094,82
889,5789,5207846477,76
890,5790,5513564591,45
891,5791,4870821194,68
892,5792,3616524270,83
893,5793,5257211376,43
894,5794,7393011272,83
895,5795,8420552739,52
896,5796,2397540535,60
897,5797,3381889748,82
898,5798,7589471827,64
899,5799,9298494437,62
900,5800,4139818284,72
901,5801,4228715320,72
902,5802,5077262197,49
903,5803,2543386991,58
904,5804,3272161598,98
905,5805,6205562876,76
906,5806,3202940513,70
907,5807,8388906037,83
908,5808,6029669275,67
909,5809,6283320143,88
910,5810,4192082136,63
911,5811,9446712915,65
912,5812,7276408440,92
913,5813,2137824205,93
914,5814,7591927870,63
915,5815,3212020589,63
916,5816,3803203021,99
917,5817,6331708482,68
918,5818,2194757243,53
919,5819,4239993820,60
920,5820,6047757570,42
921,5821,2722699107,65
922,5822,7507988538,66
923,5823,6359824396,87
924,5824,3644592303,85
925,5825,7091515925,92
926,5826,3404930333,91
927,5827,5931717023,67
928,5828,7639965652,87
929,5829,2089314465,55
930,5830,6592506629,98
931,5831,5188141754,90
932,5832,9201055823,84
933,5833,4880662635,63
934,5834,3388027321,81
935,5835,9872196109,51
936,5836,5818799349,73
937,5837,4253775309,53
938,5838,9376448433,62
939,5839,4696371588,65
940,5840,5938622225,64
941,5841,3504121142,60
942,5842,2666552979,42
943,5843,3506052247,73
944,5844,5790541810,93
945,5845,2594251401,93
946,5846,3112517681,89
947,5847,3996715264,68
948,5848,8459929622,95
949,5849,6851244539,85
950,5850,2054043497,68
951,5851,2390924400,62
952,5852,5110224980,97
953,5853,8658253122,100
954,5854,7984673181,93
955,5855,8671822905,90
956,5856,9733626545,91
957,5857,8190934290,93
958,5858,5296878109,88
959,5859,4902209158,65
960,5860,8904809420,79
961,5861,3503816027,42
962,5862,8221537173,49
963,5863,3262194253,86
964,5864,5687060225,74
965,5865,8961337194,95
966,5866,6815956681,100
967,5867,4967347117,45
968,5868,4190930471,40
969,5869,9274276482,91
970,5870,2373243755,63
971,5871,2436787007,97
972,5872,9219320598,81
973,5873,3219884227,94
974,5874,6101539324,96
975,5875,2314264252,52
976,5876,3056595527,72
977,5877,3513426944,64
978,5878,7457874055,61
979,5879,4598586846,83
980,5880,3920010163,68
981,5881,5230327894,100
982,5882,2700432354,90
983,5883,7437079761,68
984,5884,9280983109,96
985,5885,9045780498,87
986,5886,4282552216,99
987,5887,9849702981,97
988,5888,8574538738,74
989,5889,7196491167,82
990,5890,4503542785,92
991,5891,8677015218,49
992,5892,7221758523,85
993,5893,2254770028,44
994,5894,7334241598,100
995,5895,6547829455,69
996,5896,7217907486,73
997,5897,7331488688,92
998,5898,2305016707,69
999,5899,3543602926,100
1000,5900,3343211652,100
1001,5901,5008893786,83
1002,5902,9496943981,81
1003,5903,9749090649,95
1004,5904,5574584684,43
1005,5905,9383924859,73
1006,5906,6972160057,90
1007,5907,9080559627,55
1008,5908,3570829946,97
1009,5909,2015776223,95
1010,5910,2977396511,60
1011,5911,6777365908,66
1012,5912,2019761063,89
1013,5913,3426547526,100
1014,5914,6266307143,86
1015,5915,5047617862,83
1016,5916,2267151550,87
1017,5917,7256835024,77
1018,5918,2356264175,97
1019,5919,4192438775,97
1020,5920,2652641392,54
1021,5921,7724280941,93
1022,5922,5579548985,52
1023,5923,4960040535,89
1024,5924,7671255158,68
1025,5925,7589102506,58
1026,5926,7774366176,71
1027,5927,2197328720,61
1028,5928,5447949595,90
1029,5929,5965413156,43
1030,5930,9103155519,97
1031,5931,5007417373,66
1032,5932,2938524287,41
1033,5933,4168704330,77
1034,5934,8654497238,69
1035,5935,7705080575,93
1036,5936,3511884668,43
1037,5937,4158390604,44
1038,5938,4379987016,43
1039,5939,4857563574,100
1040,5940,7277166438,81
1041,5941,7476438011,60
1042,5942,5548538528,53
1043,5943,6290603947,69
1044,5944,9406379188,60
1045,5945,5109296593,80
1046,5946,7855638592,89
1047,5947,3900673419,78
1048,5948,4419533807,73
1049,5949,9687333335,60
1050,5950,5897007656,48
1051,5951,3737412110,94
1052,5952,4120877091,82
1053,5953,3240898840,62
1054,5954,3370814145,54
1055,5955,9990882225,69
1056,5956,5683865879,98
1057,5957,2298204776,67
1058,5958,2617650564,55
1059,5959,7415977510,42
1060,5960,8118135175,70
1061,5961,6336688542,60
1062,5962,3514161088,70
1063,5963,2325008270,55
1064,5964,3879289330,62
1065,5965,5576456026,78
1066,5966,6314059526,73
1067,5967,3794775815,94
1068,5968,4745764388,76
1069,5969,8949905343,63
1070,5970,2979203272,67
1071,5971,3506586423,98
1072,5972,3361159344,99
1073,5973,2427288944,52
1074,5974,5702957710,70
1075,5975,9862874724,82
1076,5976,9054169248,83
1077,5977,2888452769,100
1078,5978,4939631301,94
1079,5979,5838697286,59
1080,5980,8399561465,40
1081,5981,8383680510,83
1082,5982,2997201858,71
1083,5983,9263556384,59
1084,5984,2508938447,85
1085,5985,7857472632,66
1086,5986,7595429804,84
1087,5987,7685304962,69
1088,5988,5271620955,99
1089,5989,6742706313,100
1090,5990,5061969265,71
1091,5991,6271156388,92
1092,5992,5819911154,77
1093,5993,3661103095,58
1094,5994,9853446890,58
1095,5995,6282810145,90
1096,5996,6773069351,100
1097,5997,3214614461,85
1098,5998,5976738221,60
1099,5999,4123612035,54
1100,6000,9727405320,42
